Tata,123.123,Vix,Brasil
Tata1,123.123,Vix,Brasil
Tata2,123.123,Vix,Brasil
Tata3,123.123,Vix,Brasil
Jim Kub,943-759-8272,Port Rhoda,Nigeria
Ida Rau,915.442.9967,Tonjaland,Bahamas
Ian Fay,027.300.7965,Lazaromouth,Mayotte
Ora Fay,1-789-296-9180,Lake Deonfort,Comoros
Joe Fay,425.848.2124,Farrahfort,Dominican Republic
Mac Rau,(724) 904-1577,East Rogelio,Benin
Hye Kub,231-570-8768,West John,Taiwan
Toi Kub,(896) 445-1827,Lake Rigoberto,Sierra Leone
Tod Fay,(932) 607-1967,South Raulburgh,Swaziland
Les Kub,165.602.4522,Brandonport,Mozambique
Li Hand,835-527-7696,Johnsonhaven,Singapore
Mia Rau,643-892-0161,West Bobbie,Botswana
Rae Rau,(087) 529-8532,West Ivory,Myanmar
Ila Rau,1-224-558-4000,Port Ramonchester,Macao
Lee Rau,622-383-7586,North Danny,Equatorial Guinea
An Hane,1-181-187-7356,Satterfieldstad,Bahamas
Le Dare,1-660-924-1952,Lorrihaven,New Zealand
Lin Fay,676-530-7886,Lebsackport,Turkmenistan
Tom Kub,(418) 204-1070,West Estell,Switzerland
Wes Kub,772.774.2102,Port Shanelleberg,Equatorial Guinea
Flo Fay,1-542-766-8066,East Jaime,Switzerland
Sue Fay,1-246-575-0225,South Robt,Saint Helena
Kip Fay,1-272-835-7310,Rauborough,Norfolk Island
Chi Rau,336.047.0192,Murrayville,Slovakia (Slovak Republic)
Peg Rau,(967) 446-5013,Mindishire,Chad
Ira Rau,620.479.0278,Malikburgh,France
Bo Dare,710.000.2054,South Felicitas,Burkina Faso
Jon Fay,753.725.0136,South Nikole,Samoa
Wm Hand,433.129.3558,Lefflerhaven,Paraguay
Gay Fay,470.648.4475,Bartolettiside,Jersey
Sol Fay,516-496-2650,North Wyattshire,Jersey
Amy Kub,(468) 106-7666,Guyton,Brunei Darussalam
Bo Rice,127-965-4790,North Emersonport,Bolivia
Bud Rau,691-721-5363,Capricemouth,Zambia
Man Rau,194.970.1472,Port Merlin,Monaco
Gus Kub,321-144-4962,Gilbertfurt,Romania
Ed Koch,(556) 081-6706,West Claudio,Italy
Pa Beer,456.707.8416,Benniefort,Namibia
Al Hahn,1-907-270-4652,Olsonside,Anguilla
Jc Koch,1-811-514-9380,New Billside,Hungary
Jc Cole,062-835-6518,Fadelberg,Cocos (Keeling) Islands
Pa Koch,775-565-9856,Durganfurt,Tunisia
Ty Bode,(816) 835-1766,Ankundingtown,Ethiopia
Gia Orn,1-194-171-3503,Harrisborough,India
Jim Rau,836.857.4333,Georgettahaven,Armenia
Yuk Fay,(968) 801-7858,Lockmanview,Australia
Lue Rau,088.406.4993,Lake Brunoburgh,American Samoa
Jin Rau,438.256.2494,East Deandra,Ghana
Bo Lang,1-150-016-3459,South Careyberg,Hong Kong
Li Beer,970.404.8262,Swaniawskitown,Bolivia
Ma Lind,979.746.2056,New Ward,Guatemala
Ned Orn,102.456.5646,Cassinstad,Sri Lanka
Abe Von,1-911-638-8814,New Mee,Djibouti
Yu Hane,930.004.3075,South Kelle,Nigeria
Ai Lind,(105) 136-5739,Sandybury,Mayotte
Bo Koch,101.185.0005,Grahamstad,Uganda
Hoa Orn,130.327.6197,New Kareemshire,Australia
Ted Orn,(707) 599-7067,Meloniehaven,Cape Verde
Yi Lang,(350) 386-1561,Hackettstad,Guernsey
Fay Rau,(098) 695-6487,Lashayville,Turkmenistan
Lon Rau,1-640-320-7042,Dorianshire,Tanzania
Sol Rau,774-482-1160,Abelburgh,Western Sahara
My Rice,1-392-772-4633,South Juttafort,Isle of Man
Jay Rau,1-197-504-0002,Daremouth,Saudi Arabia
Ed King,(723) 686-2234,Anglemouth,Oman
Tad Von,268-579-0959,South Demarcusberg,Netherlands
Ali Orn,1-268-173-3094,Parkerview,Zambia
Pei Orn,167.398.1100,Damionbury,Venezuela
Ami Orn,000.407.8386,Port Bryant,Ethiopia
Joe Orn,898-823-5168,Breitenbergborough,Martinique
Von Rau,(236) 753-6618,Edmundbury,Saint Martin
Lu Beer,(351) 503-9269,Flaviaville,Egypt
Ted Von,377.158.5177,Marcelenemouth,Central African Republic
Val Orn,(231) 230-2998,Jonview,Uruguay
See Von,397.339.4440,Spencerton,Norfolk Island
Siu Rau,(571) 128-9967,Hyattland,Uzbekistan
Tu Lang,1-925-157-4941,Juliannside,Burundi
Eve Orn,938.634.6254,South Derek,Sao Tome and Principe
Rey Rau,500.546.7544,Yufort,Pitcairn Islands
Tu Beer,576.497.6495,Delmerstad,Virgin Islands
Jim Orn,455-236-2626,South Williams,Germany
Mi King,1-484-849-4108,Conniebury,Saudi Arabia
Un Lind,(330) 449-5124,West Nicolas,China
Anh Von,1-453-502-1992,West Fredericberg,Honduras
Ben Von,383-839-1264,West Montyview,Denmark
Ty Feil,(088) 561-0831,Toneychester,Austria
Eli Von,388.364.8948,Nolanborough,Bahrain
Ty Beer,990.198.4616,South Bernardberg,Senegal
Al Kihn,1-768-067-9421,Lake Shauna,Lesotho
Ha Huel,296-508-4195,Faheyfurt,Palestinian Territory
Tim Orn,419-170-9383,West Keenan,Malawi
Ty Koch,345.063.9306,Lake Micki,Albania
Tod Von,045.687.1723,Duaneburgh,Norway
Li Kihn,1-503-912-2720,Lake Harrison,Syrian Arab Republic
Ma Roob,321-921-3362,West Natacha,Rwanda
Jon Orn,987-710-4299,North Shiela,Armenia
Ed Moen,1-255-840-6497,North William,Eritrea
Lon Orn,(067) 356-8719,Mitzieshire,China
Roy Rau,(590) 223-8311,Parkerport,Northern Mariana Islands
Wm King,1-422-919-0808,Geneland,Saudi Arabia
Max Orn,1-100-376-3166,Pricefurt,Nepal
Jo Ward,1-538-856-1302,North Ivanburgh,Lithuania
Ta Rath,532.698.1156,Johnsonchester,Northern Mariana Islands
Lu King,(881) 676-4774,North Todfurt,Latvia
Ja Auer,(281) 659-6804,East Keshia,Sweden
Al Rath,334-265-1918,North Trish,Tanzania
Kip Von,332-687-5312,McCulloughtown,Trinidad and Tobago
Ma Auer,765-468-6209,North Huey,Cape Verde
Ada Toy,1-706-523-0436,Martyview,Nicaragua
Ed Conn,(700) 371-2557,Ortizton,New Caledonia
Ji Moen,426-870-9987,Dwightburgh,Suriname
Jon Von,1-508-561-0853,West Dusti,Austria
Bo Rath,469-189-0473,West Chadstad,Poland
Lon Von,804.650.3780,Josefinahaven,Cocos (Keeling) Islands
Sol Von,(350) 085-0174,Lake Adrieneville,Netherlands
Rey Orn,(112) 424-9803,West Wilmer,Malawi
Ai Bins,1-863-215-7370,Norbertton,British Indian Ocean Territory (Chagos Archipelago)
Lou Orn,783-392-6226,Jasonhaven,Christmas Island
Tom Von,669.273.0381,Simonisborough,Malta
Ty King,(403) 482-1642,Elidiaborough,Turks and Caicos Islands
Ed Howe,1-540-350-5838,North Cyril,Australia
Yi Huel,437-965-1512,Morrisport,Japan
Li Auer,915.604.2499,Port Margoton,Puerto Rico
Von Von,1-847-409-0438,Prohaskabury,Brunei Darussalam
Ray Von,849-712-7459,Lake Hilda,Swaziland
Yon Von,1-422-221-9964,South Roscoe,Saint Lucia
Un Roob,1-579-126-7610,Jeanaton,Pitcairn Islands
So Rath,(590) 738-1981,East Zachery,Nicaragua
Mia Toy,(473) 230-8212,North Philiphaven,Cocos (Keeling) Islands
Ty Kihn,(693) 879-0772,O'Reillychester,Venezuela
Ka Will,(279) 375-1921,Shirleyfurt,United States of America
Lu Rath,1-378-764-8757,Blancaville,Kuwait
Ed Kuhn,506-073-7705,West Drucilla,Belgium
Jc Will,566-555-1236,East Deidrabury,Uruguay
Ma Kuhn,573-094-2116,Port Jacksonberg,Puerto Rico
Ha Mohr,1-257-352-5323,Lake Clarkmouth,Namibia
Bo Howe,1-155-301-1583,Lutherville,Guinea
Ka Wiza,600.898.5229,Laverneside,Finland
So Auer,(464) 920-3317,North Edward,Chad
Chi Toy,770-096-1161,Bergetown,Antigua and Barbuda
Dan Toy,512.498.5622,Rosarioborough,Lesotho
Yu Huel,1-518-886-4362,Lake Keenamouth,Namibia
Del Toy,1-014-580-6428,West Cristina,Anguilla
Ai Ryan,326-392-3044,Nikolauston,Spain
Jo Wolf,(990) 588-3398,East Leonora,Armenia
Bo Funk,263.583.8587,East Basilfort,Democratic People's Republic of Korea
Rob Toy,(117) 770-6366,Leonport,Dominican Republic
Joe Toy,039.389.3945,Theronshire,Faroe Islands
Al Wiza,(046) 555-0422,Port Fidelfurt,Burkina Faso
Sal Toy,1-969-475-8247,East Otto,Belize
Bo Kuhn,580-017-2340,Sawaynmouth,Bermuda
Noe Toy,(965) 804-5689,Port Zoraburgh,Qatar
Val Toy,(208) 071-0070,North Ethashire,Ecuador
Wm Wolf,1-365-159-5776,North Bryanshire,Tokelau
Bo Wiza,893-465-3922,Shanelleshire,Tuvalu
Len Toy,886.406.8466,Mrazville,Turkmenistan
Bok Toy,(393) 454-9322,Ronaldborough,Saudi Arabia
Vi Kuhn,771.539.0322,Palmermouth,Gambia
Yi Will,049.111.8222,Homenickton,Christmas Island
Kim Toy,540-324-3381,Hayestown,Somalia
Ty Conn,1-019-013-0542,Sarinatown,Swaziland
Ty Bins,1-824-637-9979,Juliland,Ecuador
Su Wolf,1-494-194-4641,East Reinaldo,Israel
Ka Mraz,321-682-8453,Adamstown,Panama
Wm Kuhn,1-633-000-2037,South Parishaven,Venezuela
Al Rowe,275.728.8477,New Wilber,Chad
Al Kris,1-013-998-6344,New Daphine,Gambia
Bo Batz,(638) 689-4903,Lednerville,Uzbekistan
So Jast,743.592.0520,Hilariaburgh,Reunion
Nu Will,(143) 691-3861,Grahamfurt,Turks and Caicos Islands
Nu Kuhn,(847) 895-1126,New Carey,Malaysia
Ok Batz,(659) 270-1212,Kuphalburgh,Libyan Arab Jamahiriya
Sol Toy,1-792-959-5831,Olivershire,Norway
Al Veum,943-469-2392,Gutmannchester,Honduras
Jay Toy,993.640.3444,East Reba,Portugal
Nu Mohr,(880) 452-4484,Lake Gerald,Anguilla
Yer Toy,526.518.5412,Bradlyview,Germany
Ron Toy,1-150-836-8790,West Sudie,Cote d'Ivoire
Son Toy,(197) 525-3264,New Thersaton,Mozambique
Vi Kris,1-182-938-7158,New Magali,Cuba
Bo Veum,827.070.0905,Lake Melvinburgh,Armenia
Ty Kuhn,1-042-613-3533,North Haroldberg,Seychelles
Art Toy,1-560-790-5442,New Fidelburgh,American Samoa
Wm Rowe,(029) 167-0376,Russelmouth,Nauru
Ty Wiza,1-254-516-4436,Kozeymouth,Greece
Ty Ryan,(490) 030-1862,Luettgenburgh,Burkina Faso
Rey Toy,184.523.4519,North Adriaview,Liberia
Gus Toy,1-607-313-3059,Lazaroport,Iceland
Ja Koss,(483) 392-9884,New Chelsea,Greece
Ha West,757-963-0549,Labadieshire,Uganda
Fe Koss,1-832-734-8286,Lake Leisaborough,French Polynesia
Lu Veum,1-010-808-7295,East Pilarchester,Malawi
Pa West,944-932-0455,Arielshire,Western Sahara
Ty Rowe,1-960-293-1759,South Monroe,Saint Helena
Su Mraz,886.754.6464,Leandroberg,Italy
Ed Metz,057-209-1352,Eilenebury,Isle of Man
Guy Toy,1-463-095-3838,East Orville,Virgin Islands
Le Torp,500-912-3539,Rosamondfort,Vietnam
Ty Veum,366-170-6943,Stephanberg,Mozambique
Bo West,206.532.1753,Mariselaland,Cocos (Keeling) Islands
Ji Metz,(998) 367-8062,Port Terrilynchester,Cote d'Ivoire
An Metz,(577) 161-3203,South Myriamside,France
Bo Metz,(970) 628-2170,Eduardochester,Fiji
Yi West,1-634-468-8251,New Kim,Guernsey
Un Koss,1-193-414-9465,Herschelside,Saint Pierre and Miquelon
So West,1-099-755-2466,West Wilfordton,Tajikistan
Un Torp,(292) 362-4679,Boyerfurt,Madagascar
Wm Metz,(291) 541-5984,Trudiland,South Georgia and the South Sandwich Islands
Lu Torp,095-917-8306,Lannyside,Malta
Su West,1-801-426-1940,West Andreaport,Syrian Arab Republic
Su Torp,(496) 668-6890,Perrychester,Bahrain
Ed Yost,1-003-484-0742,New Korybury,Sri Lanka
Yu Metz,483-288-7696,Wisozkbury,Nauru
Ai Yost,1-117-815-7427,Murphychester,United Kingdom
Ty Metz,518.016.1637,East Lilli,France
Le Yost,1-413-180-0411,Elizebethport,Egypt
Ji Yost,1-833-666-8751,Ginaside,Holy See (Vatican City State)
Wm Yost,(612) 675-7484,Barrowsview,Uganda
Su Yost,(702) 151-9708,Codyberg,Bermuda
Na O'Kon,1-221-035-7349,Kuhnstad,Germany
Pa O'Kon,440-009-8816,East Lorna,Aruba
Bo O'Kon,(395) 383-7637,Lemkeville,Dominican Republic
Wm O'Kon,902.852.6746,Dachburgh,Saint Pierre and Miquelon
Yu O'Kon,1-706-259-1185,East Brendon,Sao Tome and Principe
Ty O'Kon,1-392-283-7884,Collinsberg,Latvia
Ada Dach,598.370.8218,Hermistonburgh,Faroe Islands
Deb Haag,1-686-382-2514,North Kiethfurt,Iraq
Mac Dach,627-166-0885,Julietchester,Oman
Oda Dach,123-799-7511,South Tijuanaburgh,Russian Federation
Dee Dach,917.572.9024,Lake Denverborough,Central African Republic
Tad Haag,567.277.6426,New Lawrence,Argentina
Rae Haag,(287) 151-3601,Greenholtborough,Hong Kong
Tad Dach,(052) 740-8119,East Edwinland,Andorra
Hai Haag,1-828-514-3484,Lake Carmineton,Saint Helena
Ned Dach,(769) 332-7659,Edwardoside,Sweden
Ina Haag,927.097.7885,East Brooksfurt,South Georgia and the South Sandwich Islands
Lai Dach,684.084.9027,Port Simon,Bosnia and Herzegovina
Oma Haag,1-654-977-7534,Balistreriview,Namibia
Chi Dach,1-815-250-5503,Lavonhaven,Liberia
Bao Haag,022-139-4658,Zemlakburgh,Kyrgyz Republic
Ira Dach,259.331.1462,Loreburgh,Cambodia
Mei Dach,095-639-5156,Dorianhaven,Colombia
Anh Haag,(335) 898-1900,Manteport,Norfolk Island
Ali Dach,547-981-7575,New Dennis,Togo
Joe Haag,311-619-3367,New Joeborough,France
Eli Haag,(356) 694-8692,Nitzscheland,Cameroon
Nan Haag,1-274-465-4669,West Benito,Taiwan
Man Dach,(720) 613-8352,Gutmannport,Solomon Islands
Sam Haag,584.193.3731,Carterland,Ecuador
Mel Dach,349-422-7875,Leannonmouth,Palestinian Territory
Jen Haag,201-240-9916,Lake Charleen,French Guiana
Tam Dach,(763) 278-9558,Dachburgh,Falkland Islands (Malvinas)
Tod Dach,456-768-7733,Richieside,Macao
Ken Dach,403.318.0523,New Margene,Panama
Jada Fay,1-181-277-1310,Lake Emmitt,Seychelles
Leo Haag,(636) 527-5034,Lake Bradley,Angola
Lue Haag,868.104.0646,South Gigifurt,Rwanda
Kim Dach,(769) 343-0732,Melvaburgh,Uganda
Ada Bode,(134) 714-1016,Loycebury,Tuvalu
Min Haag,692-528-3110,North Silas,Martinique
Dana Kub,054.750.7568,North Rochel,Yemen
Flo Dach,956.895.0345,Kohlerbury,Uruguay
Lala Kub,(903) 543-4901,Wisokymouth,Cyprus
Abe Bode,512-203-0060,Murazikfort,Suriname
Chae Fay,(294) 697-6056,Fernemouth,Bahrain
Les Dach,(084) 274-6408,New Collen,Jersey
Jana Kub,343.546.8148,Jonesbury,Tunisia
Eda Hand,(034) 175-8946,Trantowborough,Portugal
Gay Haag,1-370-597-0914,Linneaburgh,India
Mana Kub,(629) 477-1649,North Werner,Jersey
Jae Bode,322-456-1628,South Martiside,Cook Islands
Max Haag,263-851-3088,Wmmouth,Guinea
Adam Kub,866.968.9513,Marnaton,Portugal
Jake Kub,(795) 167-1533,Joelberg,Senegal
Alec Fay,888.822.9313,Salfort,Mongolia
Ana Bode,(305) 589-9320,Dirkberg,Guinea
Mack Kub,050-698-9319,Corettaview,Bosnia and Herzegovina
Jama Fay,1-450-465-6358,Padbergfort,Bolivia
Bee Hand,141.385.0325,New Vincent,Iceland
Jame Kub,1-628-994-5883,Ninfaside,Finland
Hai Bode,(781) 747-9842,Richhaven,Cape Verde
Art Haag,1-465-316-3059,Leoraberg,Bouvet Island (Bouvetoya)
Amie Kub,456-143-0861,Reikoton,Swaziland
Eda Dare,(130) 988-7407,Lake Dominiqueville,Congo
Lane Kub,670-297-1825,East Joaquin,Norfolk Island
Tad Hand,(190) 690-4596,West Harris,Bouvet Island (Bouvetoya)
Vena Kub,752-162-1395,Ankundinghaven,Cocos (Keeling) Islands
Rey Haag,370.349.2601,Raymondtown,United States Minor Outlying Islands
Lee Hand,265-708-8721,Julesshire,Saint Vincent and the Grenadines
Ike Bode,1-090-812-7794,Louellashire,New Caledonia
Gus Haag,283-742-4960,South Eliseo,Saudi Arabia
Otha Kub,079-370-2300,Port Meagan,Norfolk Island
Lila Fay,946-927-2622,Romagueraberg,Democratic People's Republic of Korea
Asa Hand,1-800-995-0502,New Mitchmouth,Armenia
Dean Fay,1-382-162-0908,Klingside,Bolivia
Ian Bode,(788) 634-7582,McDermottburgh,Bhutan
Rick Kub,124-663-6636,Lake Cyndy,Vanuatu
Lane Fay,766-741-4596,Jeffersonton,Madagascar
Sang Kub,1-642-075-4893,Armstrongville,Solomon Islands
Inge Fay,604-379-6819,North Abby,Switzerland
Jean Fay,830-523-4408,Port Roxyport,United States of America
Maya Kub,199-449-0683,West Celesteton,Finland
Meg Hane,505-829-7094,Doylestad,Grenada
Bell Kub,1-398-045-6150,Walterberg,Marshall Islands
Rob Hand,159.049.7598,Port Annaleeville,Saint Vincent and the Grenadines
Dell Kub,936.314.3916,Port Carylonton,United Arab Emirates
Ira Hane,466.795.5803,Lake Hermaton,Swaziland
Sal Hand,(410) 052-6817,North Jenifferfort,Lao People's Democratic Republic
Dee Rice,121-316-5176,South Todd,Virgin Islands
Lyla Kub,1-014-729-4675,Lake Jeseniaberg,Jamaica
Cole Fay,089.557.0775,Stromanview,Benin
Ian Hane,256-028-3230,Port Davinaview,Costa Rica
Jan Hane,018.249.0667,Teddyburgh,Nigeria
Dana Rau,473.464.2395,New Brice,United Kingdom
Ira Dare,378.645.3063,Cleofort,Cambodia
Sal Hane,901-981-4295,West Marioshire,Romania
Van Hand,340-953-6534,East Queen,Western Sahara
Fae Lang,1-732-376-1058,Port Huongberg,Bulgaria
Theo Kub,(183) 532-0742,Streichfort,Israel
Long Kub,1-473-709-9950,Wesfurt,Pakistan
Bev Bode,482.720.7214,North Marceneberg,Armenia
Les Bode,765.239.2630,Arianneburgh,Mauritius
Dee Beer,571-160-6392,Legrosside,Montserrat
Dale Rau,723-031-2319,Bauchhaven,Antigua and Barbuda
Anja Rau,499-116-5824,West Ike,Tuvalu
Lyle Kub,(148) 379-7595,Goyettetown,Japan
Mao Dare,1-533-628-7934,Pfeffermouth,Moldova
Rana Rau,129.169.2937,Lindside,Equatorial Guinea
Jc Pagac,(348) 547-7146,Cletusmouth,Vietnam
Rolf Fay,683.764.6298,East Jana,Jamaica
Lee Feil,1-893-026-7561,West Louie,Madagascar
Jann Fay,522-797-0133,Wolffmouth,Anguilla
Dee Cole,(062) 919-8971,Port Garrett,Grenada
Rob Rice,733.738.0732,North Jed,Cook Islands
Fred Rau,777.563.8493,New Casiestad,Peru
Tim Hane,1-717-010-3859,New Emerson,Ukraine
Paul Kub,1-045-299-9558,New Nakeshatown,Cayman Islands
Ray Bode,(307) 538-5634,Sanfordfort,Ghana
Hugo Kub,(311) 706-4437,East Imeldahaven,Kyrgyz Republic
Hal Feil,1-944-547-7820,Hartmannton,Lao People's Democratic Republic
Lee Cole,094.985.1089,West Synthia,China
Robt Kub,254-110-4063,Iluminadastad,Faroe Islands
Don Dare,824-744-4802,North Damion,Algeria
Rina Rau,141-458-4268,Lake Mariselachester,Canada
Bo Pagac,1-839-043-7117,Kellyland,New Caledonia
Sal Hahn,639-623-8418,Lake Nicolette,Samoa
Ian Feil,1-938-806-5218,New Shaunna,Madagascar
Lady Fay,(667) 769-5084,Rashadfurt,Iceland
Gus Bode,439-467-3350,Tommyemouth,Sudan
Chi Cole,1-984-334-1926,South Sasha,Antarctica (the territory South of 60 deg S)
Man Beer,920-054-3872,Effertzbury,Syrian Arab Republic
Ira Cole,597.370.4847,Gerardtown,Lebanon
Len Hahn,822.653.1645,West Agustin,Guinea-Bissau
Val Beer,555-818-5904,New Cruzside,Djibouti
Flor Kub,(202) 540-4884,Lake Mel,Afghanistan
Gil Lang,(732) 468-3616,East Terrence,Bermuda
Ima Lind,1-855-845-8576,West Louisside,Seychelles
Alex Fay,1-095-365-1679,Jeroldchester,Fiji
Les Rice,1-388-811-5003,Waynestad,Burundi
Joe Koch,394.086.8710,West Gayle,Australia
Ted Lind,(521) 474-5415,New Reita,Cayman Islands
Un Pagac,1-614-477-4406,Stefanihaven,Mexico
Ione Rau,044-988-4056,Lake Jessie,Mauritius
Toby Kub,683-328-1787,West Roscoehaven,Reunion
Joel Rau,(754) 443-7924,Albertland,Philippines
Zoe Lang,427-303-8255,South Serita,Serbia
Rex Dare,(386) 716-1377,Conroychester,Turkmenistan
Mimi Rau,322.493.5512,Port Lanestad,Madagascar
Dale Orn,112.958.3112,Tomland,Slovakia (Slovak Republic)
Rey Dare,(797) 291-0622,Klockoside,United Kingdom
Rosa Rau,(400) 501-2285,VonRuedenbury,Liberia
Bev Feil,(789) 073-9524,Claraberg,Swaziland
Ami Lind,1-861-354-6970,West Hong,Austria
Long Rau,1-489-703-9772,Lorriland,Georgia
Tana Orn,402-086-4034,South Chasfort,Brazil
Man Lind,819-046-4348,Kieshahaven,Brunei Darussalam
Raye Rau,416.730.4124,South Bartonton,Faroe Islands
Tom Hahn,221.668.4784,Townechester,Syrian Arab Republic
Trey Kub,026-681-2398,Hahnmouth,Palestinian Territory
Sol Lang,1-002-872-2731,Florenefurt,Morocco
Amie Orn,016.124.3539,New Juleeport,Spain
Gia Ward,992.177.7884,Reyberg,China
Von Hahn,1-050-480-9061,South Sheaborough,Jersey
Ray Hahn,936-379-9994,Laurefort,Nigeria
Leon Rau,1-602-125-0205,Lake Columbusfort,Kiribati
Jim Lind,1-407-051-9479,East Jarrett,France
Reed Von,068-650-9048,Albury,Kuwait
Zack Orn,1-047-094-0960,North Rexchester,Ghana
Hai Kihn,(597) 977-0825,Antontown,Seychelles
Tad Mann,952.839.1912,South Ronny,Slovakia (Slovak Republic)
Jude Orn,719.622.4807,Marvintown,Saint Lucia
Shu Feil,498.017.3772,Junkochester,Gabon
Gale Von,1-391-879-6647,East Ginoside,Western Sahara
Owen Rau,331-192-7537,Randallton,Macedonia
Cory Kub,1-003-585-5126,Lake Rollandville,Norway
Robt Rau,667.942.4909,West Thanhton,Puerto Rico
Tia Mann,326-737-7479,Ewahaven,Germany
Alex Rau,763-971-3642,New Linwood,Montserrat
Von Koch,294.535.4746,East Pasty,Armenia
Burt Fay,(021) 420-5295,New Ashely,Holy See (Vatican City State)
Tai Kihn,1-470-914-6066,Toryside,India
Hal Mann,392-467-2706,East Rusty,Micronesia
Gia Rath,997.988.0404,Port Matthew,Lithuania
Yun Lang,1-276-903-5447,North Luke,Hong Kong
Opal Orn,575.830.5072,North Lakisha,Comoros
Rob Kihn,724.672.6651,Odisfurt,Liberia
Rey Cole,(830) 028-0645,West Daniel,Ethiopia
Tom Lind,1-705-856-3097,Heathcoteview,Myanmar
Ana Moen,139.603.6310,East Curtisport,Australia
Abe Conn,(526) 830-5614,Port Danny,Jersey
Hwa Ward,531.983.4901,New Stefanbury,Greenland
Rico Orn,(168) 359-4083,Friesenberg,Djibouti
Yun Cole,209-072-3585,New Darleen,United Arab Emirates
Rod Ward,671-479-3954,North Marianburgh,Palestinian Territory
Nell Orn,124.663.4136,Stromantown,China
Len Kihn,(223) 725-2175,West Bernieton,Fiji
Jann Orn,1-508-257-0358,East Ashley,Yemen
Ola Roob,(507) 617-8822,North Earl,Georgia
Yuk Lind,1-958-652-5935,Justinmouth,Nepal
Otis Rau,213-172-3712,Sauermouth,British Indian Ocean Territory (Chagos Archipelago)
Chet Orn,1-949-568-5248,Lueilwitzport,Iraq
Ha Jerde,219.073.8536,New Donald,Lao People's Democratic Republic
Jim Mann,272-215-1281,East Nereida,Bermuda
Ava Roob,(933) 799-5235,South Karisaborough,Poland
Ara Auer,180.112.0772,Gutmannstad,Cyprus
Joya Orn,417.127.6730,Ferrymouth,Peru
Hung Orn,429.315.5957,New Donnieville,Cayman Islands
Tuan Orn,(904) 578-6439,Champlinmouth,Monaco
Fae Howe,530.606.0910,Port Margeret,Iran
Kai Conn,1-833-981-6667,Jamelstad,Heard Island and McDonald Islands
Tim Ward,983-455-5807,Cruickshankshire,Saint Barthelemy
Eli Roob,1-568-944-3749,South Princeburgh,Nigeria
Ed Emard,119-700-8172,Lake Shaunfurt,Cyprus
Gino Orn,1-365-686-3913,O'Reillyview,United States of America
Omer Orn,1-624-622-8237,Clarkfort,Cayman Islands
Hong Von,499-493-3139,Emiliofurt,San Marino
Suzi Rau,1-794-098-7249,Boehmstad,Svalbard & Jan Mayen Islands
Sid Bins,(298) 374-2764,Macietown,Portugal
Jae Wolf,1-901-406-5381,Gwendafurt,Liechtenstein
Al Bogan,438.864.3913,Parkerside,Germany
Max Ward,541.014.2762,New Hallie,Niger
Roy Lind,1-955-466-2919,Runolfsdottirport,Turkey
Alex Orn,461-711-4246,East Nanatown,Micronesia
Abe Will,165-387-2691,Port Toneychester,Italy
Mao Auer,853-575-9912,New Faviolamouth,New Caledonia
Bud Conn,(816) 094-2336,Hayeschester,Greenland
Tod Auer,1-768-188-4890,Rueckerton,France
Mai Howe,1-579-784-1564,West Jeffreymouth,Sri Lanka
Rod Bins,(486) 540-7672,New Alvinfort,Saint Lucia
Val Conn,975-731-9590,New Loriannmouth,Gabon
Boyd Von,(338) 499-4040,North Tarsha,Greenland
Ja Price,1-782-161-5203,Lake Maurine,Oman
Gala Toy,760-383-0789,Jaskolskiview,Maldives
Abe Ryan,1-618-359-9637,Merrieshire,Palau
Fe Lemke,(824) 712-9332,Kingview,Andorra
Ines Von,894.528.3689,Port Karoline,Palau
Jae Mohr,669-928-7912,West Peter,Iceland
Tad Will,(727) 255-8104,Torytown,Burkina Faso
Hee Lowe,1-262-084-1030,Cormierland,Uganda
Ben Howe,475-308-9627,South Maryjo,Pakistan
Wm Jerde,913.462.2573,Farrellton,Guam
Jay Rath,(941) 266-2306,New Xavier,Nepal
Aja Batz,(768) 664-0363,Jayeview,Guam
Wm Bogan,(033) 564-8801,Port Antone,Seychelles
Wes Rath,(273) 778-1889,New Marquitta,Svalbard & Jan Mayen Islands
Tory Rau,734.149.8224,Port Beatrizstad,Martinique
Hai Mohr,209-413-5364,Mayerstad,Spain
Jen Howe,1-848-638-0854,Goldnerfurt,Chad
Ken Howe,337.711.9489,West Raylene,Saint Lucia
Tess Orn,(364) 500-1533,Jodeehaven,Eritrea
Jed Batz,319-777-8362,Sporermouth,Saint Martin
Asa Mohr,423-342-0462,Funkberg,Macao
Bao Will,(234) 434-9932,West Virginamouth,Iran
Yee Will,1-864-732-1645,New Jeffereyberg,Wallis and Futuna
Rey Huel,393-293-7014,Anderaville,Tokelau
Alix Von,1-289-412-5227,Katrinaview,Madagascar
Rod Funk,(486) 606-7921,Lake Annitaton,Slovakia (Slovak Republic)
Vi Block,1-808-519-1373,Pagacport,Brunei Darussalam
Hyo Roob,(487) 858-9156,Fredborough,Lao People's Democratic Republic
Hal Wiza,080.346.9674,West Merlyn,Mauritania
Peg Wiza,1-721-152-5215,Vernstad,Ukraine
Ira Wiza,(948) 364-7535,Lake Dione,Lao People's Democratic Republic
Vi Lesch,1-936-798-5602,North Ernesto,El Salvador
Ray Bins,004-936-9407,Prosaccoberg,Montenegro
Yuk Auer,463-660-1579,Sawaynview,Jersey
Rod Lowe,386.141.2222,East Shawnahaven,Yemen
Ken Jast,589.187.6909,Lake Lilibury,Peru
Gail Toy,(590) 525-6717,East August,Tokelau
Joe Ryan,393.380.6975,West Herb,Mongolia
Van Kuhn,042.472.3106,Rickyland,Brazil
Gwyn Orn,1-250-582-1020,North Curtborough,Colombia
Wm Von II,099-750-1721,North Albertport,Dominican Republic
Jay Howe,(140) 110-2292,East Ali,Antarctica (the territory South of 60 deg S)
Kay Howe,1-908-987-6860,Deckowshire,Turks and Caicos Islands
Lou Conn,900-453-3057,South Magdalenland,Cote d'Ivoire
Lon Wolf,(878) 104-6686,Bretshire,Singapore
Mary Von,(029) 668-8814,Allenfurt,Niger
Ai Weber,(470) 603-2596,North Daniella,Macao
Chu Funk,881.051.7582,South Jamison,Mayotte
Don Jast,457-800-4531,Runolfssonport,Palestinian Territory
Kip Jast,735.487.3167,Weberton,Czech Republic
Sol Funk,040.036.6895,Lake Alfonzo,Jersey
Del Kris,450-109-2083,Gutkowskiport,Liechtenstein
Jay Funk,658-311-2221,Hamillshire,Tokelau
Ann Ryan,600.726.6525,New Mariano,Monaco
Chu Jast,970-313-8576,Emeliaside,Equatorial Guinea
Ty Beier,357.481.1567,Wiegandville,Tajikistan
Chu Lowe,028.450.8331,South Rolandomouth,Luxembourg
An Klein,1-358-879-8990,Heathcotemouth,Fiji
Jan Rowe,125-514-8749,Brucefurt,Mali
Hui Wiza,414.809.8871,New Madelinemouth,Bermuda
Ike Veum,1-483-960-4835,Port Laurinda,Guinea
Cruz Orn,604-772-9306,Hickleport,Grenada
So Lakin,556-457-9887,East Charoletteside,Maldives
Eun Lowe,1-752-825-0694,Goyetteville,Pitcairn Islands
Del Veum,1-641-325-6968,Lake Stanfordport,Morocco
Lou Wolf,469.102.0620,Clairport,New Zealand
Joe Mraz,1-316-515-4310,Nealstad,Western Sahara
Ian Veum,974.351.6844,Lake Dante,Germany
Vi Klein,(896) 587-9192,Catharinetown,Guernsey
Chu Batz,046.163.4540,New Brooks,Equatorial Guinea
Eli Veum,303.374.2965,Coralport,Uzbekistan
Song Toy,(673) 877-6098,North Stanford,South Africa
Sol Batz,(437) 219-1500,Erlindaside,New Zealand
Al Hilll,1-735-458-7615,Leschburgh,Saudi Arabia
Rod Veum,301.604.8443,Mickeystad,Israel
Art Mohr,(254) 489-2460,Lake Marivelbury,Republic of Korea
Ed Haley,1-532-996-0419,Lake Zanemouth,Mali
Xuan Toy,948.632.2955,West Sherrillside,Botswana
Len Veum,915-688-1366,East Mao,Madagascar
Lou Lowe,903.909.7228,East Darenville,Guinea
Tory Von,(519) 969-0964,Auerchester,Bouvet Island (Bouvetoya)
Abe West,(618) 094-3224,Hansfurt,Andorra
Yuk Wiza,(466) 027-0773,North Milton,Falkland Islands (Malvinas)
Ty Lakin,728-803-5627,Austinburgh,Philippines
Owen Toy,506-293-3633,South Daryl,Jamaica
Ok Hilll,352-239-4122,Lake Samual,Tajikistan
Hae West,(062) 475-0150,Francesburgh,Benin
Nu Fahey,344.172.2540,East Shirleenmouth,Reunion
Ma Kutch,518-180-2974,West Clarenceville,Germany
Guy Funk,(766) 737-7388,Herbertfort,Latvia
Chun Toy,1-752-580-1297,Faustinoland,Yemen
Tim Veum,606-566-2078,McLaughlinhaven,Ukraine
Mi Bayer,(959) 972-0983,West Sarina,Afghanistan
Tu Kling,(647) 502-8680,Veliaport,French Polynesia
Suzy Orn,(686) 875-4861,Port Kirbybury,Sao Tome and Principe
Mai Koss,1-388-848-3172,Bernhardstad,Turks and Caicos Islands
Ray Kris,(523) 427-2859,Beahanberg,Latvia
Roy Lowe,598.083.4610,West Theola,Falkland Islands (Malvinas)
Max Mraz,1-637-062-5226,Lake Moon,New Zealand
Drew Toy,(375) 636-3069,Laurenceville,Nepal
Yoko Toy,1-485-120-4308,Ellenaborough,French Polynesia
Dan Koss,573.036.6129,Kirstiebury,Syrian Arab Republic
Tu Mante,1-641-355-1398,New Erich,El Salvador
Vi Haley,443.701.1309,Lake Jerold,Saint Barthelemy
Bob Metz,956.102.9403,South Charolettetown,Cote d'Ivoire
Soo Mraz,114-995-2624,West Lavernton,South Africa
Ed Hayes,598-800-0422,South Catrinaville,Bolivia
Jan Koss,(196) 565-4905,East Rosettatown,Zambia
Hoa Torp,(055) 521-2446,Tyrelltown,Guinea
Ray Veum,1-740-077-2212,New Allenmouth,Bangladesh
Tu Hilll,537-482-4724,Lenview,Puerto Rico
Guy Batz,602-961-8312,New Yukhaven,Libyan Arab Jamahiriya
Mel Koss,1-556-633-9539,Beattyview,South Africa
Ali West,360-380-1796,Davisland,Panama
Ed Grant,657.809.8233,East Albertina,Turkmenistan
Dan Torp,(257) 109-4689,Nienowville,Bulgaria
Mei Metz,(597) 559-7269,West Wilberview,Czech Republic
Bo Walsh,240.523.9005,Greenton,Hong Kong
An Borer,(551) 866-7177,East Jeanelle,France
Kary Toy,290.278.2494,West Izettaport,Brunei Darussalam
Ben Metz,(801) 290-3132,Hammesport,Northern Mariana Islands
Joe Von I,(487) 618-0452,Mrazside,Gambia
Bud Metz,039.627.0645,Port Fred,Saint Martin
Wm Hoppe,090-872-1057,Lake Alexia,British Indian Ocean Territory (Chagos Archipelago)
Ai Morar,030.492.7296,Ruthmouth,Turkmenistan
Eve West,677-129-9247,Port Chiaport,Dominica
Hue West,(089) 154-8391,North Kerry,Tanzania
Val Torp,1-180-426-3377,Jonesstad,Mongolia
Ed Stark,632.314.3692,Eduardoview,Eritrea
Hyun Toy,829-541-1495,Keeblertown,Mali
Al Mayer,796.004.5124,Blockstad,French Southern Territories
Curt Toy,012-757-7813,Pourosburgh,Cuba
Bok Torp,633-537-1858,South Jeromefort,Croatia
Joi Metz,1-257-500-1143,Cedricberg,Chile
Bo Moore,885-784-9108,Lake Lydiahaven,Liberia
Ed Huels,405-855-2801,Bergnaumchester,Mozambique
Ja Mills,530.898.2360,Sawaynton,Bulgaria
Lon Koss,1-578-871-2259,Seasonville,Martinique
Al Marks,(067) 598-1990,Walterton,El Salvador
Un Bruen,268-516-9371,Arturomouth,Honduras
Jay Koss,(013) 965-7010,North Dawneville,Greenland
Ok Hills,481.190.0311,Stantonbury,Burundi
Wm Hayes,1-964-614-2333,Sauerton,Comoros
Tim Metz,999-194-4389,Ricardaside,Philippines
Ed Boyer,1-113-564-6834,Emmerichberg,Nepal
Ok Koepp,699.602.8445,West Willieton,Maldives
Ty Boyle,1-048-790-2230,Spinkaville,Qatar
Jc Boyer,456.890.3795,North Taylor,Suriname
Li Smith,(389) 345-0128,South Forest,United Arab Emirates
Kay West,450-719-4700,Lake Agnuston,Mali
Yer West,140-890-2942,Port Aundrea,Monaco
An Huels,(121) 560-8342,New Zachariah,Haiti
Ty Braun,716.867.8265,East Robin,Macao
Rex Koss,1-244-373-4963,West Elaneshire,Svalbard & Jan Mayen Islands
So Morar,545-068-1002,Lake Brittenystad,Japan
Bo Sipes,1-607-643-0158,Effertzmouth,Peru
Al Boyer,361.109.3759,Tyroneville,Canada
Al Johns,(030) 423-1053,East Marchellemouth,Greenland
Al Wyman,(267) 135-8539,North Jonastown,Heard Island and McDonald Islands
Nu Hills,526-851-3535,Port Gerardochester,Andorra
Ty Feest,(037) 956-3704,Waelchistad,Yemen
Bo Hand V,(466) 121-1180,Jesseniaburgh,United States of America
Ty Hayes,(255) 969-6684,Port Charlette,Timor-Leste
Bo Johns,(386) 870-9604,East Suzieburgh,Moldova
Bo Wyman,(077) 641-7029,East Issac,Somalia
Ty Stamm,232.426.7056,North Yuri,Uruguay
Yuk Torp,1-638-246-7497,East Eustolia,Finland
Amy Metz,1-098-546-4015,Greenholtberg,Comoros
Sha Yost,599.995.3921,West Scottland,Morocco
Susy Toy,(291) 329-8905,Kevenbury,Germany
Wm Huels,1-652-805-1033,North Refugio,Denmark
Wm Sipes,(249) 095-5151,South Heidy,Hungary
Ted Yost,1-247-391-5174,Port Kieth,Cocos (Keeling) Islands
Liz Metz,899-043-5942,Cruickshanktown,Brunei Darussalam
Ty Sauer,364.336.3583,South Michale,Svalbard & Jan Mayen Islands
Lu Huels,455.660.8108,Port Sergio,Equatorial Guinea
Hal Yost,534-841-9195,Tyronborough,Uganda
Ty Koepp,366.785.2561,North Daynaland,Congo
Dan Yost,(635) 024-1503,South Darrelstad,Costa Rica
Li Towne,099.929.3861,East Emilieville,Slovenia
Ka Crist,098-978-4579,Donnyberg,Monaco
So Wyman,(070) 561-4543,Lake Ernie,Martinique
Ed Olson,1-760-312-2618,Waelchimouth,Poland
Roy West,(460) 054-9333,North Chanda,Vietnam
Jan Yost,(508) 683-1185,Port Leisa,Saudi Arabia
My Sipes,(118) 207-4901,Lelandton,Faroe Islands
Bud Yost,(246) 107-2547,North Numbersview,Jersey
My Stehr,814-548-0287,West Suzan,Timor-Leste
Yu Huels,853.775.6112,Duanebury,Lithuania
Mel Yost,074.211.3595,Ianbury,Uruguay
Sam Yost,1-780-190-3723,Eleonoraton,Turkey
Su Boyer,(593) 762-5814,Baileyland,Norfolk Island
Luz West,763-850-7881,Considinehaven,Zambia
Su Wyman,210.528.2137,South Assunta,Zimbabwe
An Swift,(017) 105-4160,North Erikland,Mongolia
Jc Brown,693-403-8136,East Taren,Luxembourg
Van Yost,067.185.0254,Luettgenshire,Botswana
Fe Hyatt,990-201-2589,Alethatown,Marshall Islands
Al Kunze,(588) 219-7379,Funkport,Chad
Bo Crist,792-415-6749,Alidaborough,Central African Republic
Mi Olson,058-317-5167,Kshlerinview,Solomon Islands
Ok Swift,008.145.3661,Larkinmouth,Bermuda
Ok Crist,(067) 098-2014,Claudettestad,Suriname
Nu Towne,1-355-230-9716,Hauckborough,Togo
Sue Yost,032-409-8618,East Andersonport,Iraq
Mai Orn V,1-714-483-6008,New Monika,Turkmenistan
Ed Yundt,361-803-1727,New Florenciomouth,Brunei Darussalam
Ja Tromp,640.606.8232,South Glen,Panama
Ed Tromp,644-505-3761,West Leslie,Paraguay
Bo Brown,(644) 983-7616,New Oniebury,French Polynesia
Jon Yost,843-858-6265,New Wilbert,Israel
Ty Howe I,(869) 333-9611,Haneland,Djibouti
Lon Yost,086.364.1832,Sanfordland,Bolivia
Sol Yost,(661) 652-2470,Spencerview,Guatemala
Yu Towne,(782) 837-4632,Alecbury,Senegal
Sol Toy I,(576) 702-0142,East Vanetta,Suriname
Kay Yost,899-796-8998,New Jordon,Guam
Tom Yost,(514) 476-8293,West Bertieton,Slovakia (Slovak Republic)
Ai Ferry,1-172-671-2247,East Renabury,Slovakia (Slovak Republic)
Vi Hyatt,219.541.1455,Lake Ashlee,Puerto Rico
Un Kunze,1-070-567-5942,Schambergerside,Moldova
Dot Yost,652-736-4790,Jacobsburgh,Haiti
Al Ferry,1-764-040-9333,Lake Ophelia,Guadeloupe
Bo Yundt,(591) 815-4300,Port Nealmouth,New Caledonia
So Brown,269-712-5250,New Omegachester,Serbia
My Crist,1-294-491-4604,Port Erwintown,Austria
Yu Swift,1-897-007-6622,South Treenaside,Fiji
Hyo Yost,305-952-1218,West Philomenaport,French Polynesia
Ma Upton,175-803-0019,Hwaland,Italy
Na Upton,1-179-924-1784,New Michalburgh,Turks and Caicos Islands
Jo Tromp,1-073-525-3436,North Luis,Kiribati
Coy Yost,(671) 307-9347,Goodwinfort,Jamaica
Ty Olson,123.479.7988,Marvinmouth,Northern Mariana Islands
Ed Hintz,1-125-488-1934,East Jewel,Democratic People's Republic of Korea
Tu Brown,(906) 650-8284,East Clarita,Turks and Caicos Islands
Su Hyatt,199-221-5869,West Buddy,Canada
Fe Hintz,(045) 004-9557,Lake Mariatown,South Georgia and the South Sandwich Islands
Joy Yost,(863) 189-8037,Corkerystad,Timor-Leste
Pa Kozey,1-266-593-5538,Tonitatown,Saudi Arabia
Al Purdy,1-797-770-2409,North Briana,Mexico
Ty Brown,455.434.0628,Nikolaustown,Western Sahara
Wm Ferry,(846) 399-3472,Amirafurt,Estonia
Ty Hyatt,(079) 396-2589,New Lenton,Panama
Al Hintz,097.144.2808,Danashire,Comoros
Al Kozey,867.248.4300,South Tamekiastad,Malta
Ji Kozey,931.304.1729,Kuhlmanchester,Tanzania
Nu Ferry,(218) 890-7649,North Palmer,Niger
My Yundt,921-671-1947,Raulshire,Ghana
Bo Hintz,1-075-954-1765,Heathcotefort,Djibouti
Bo Kozey,1-751-661-5614,Port Meloniebury,New Zealand
Yi Upton,(841) 437-1166,Lake Johnniechester,Iceland
Ed Mertz,1-637-814-3370,Tonishamouth,Tanzania
Ty Yundt,398-339-5121,Romaguerahaven,Sri Lanka
Jc Mertz,600.683.4028,South Petrinamouth,Norway
Jo Kozey,(835) 893-2168,New Eliseoberg,Lithuania
Ha Ortiz,876-186-1998,Patstad,Malaysia
Ed Terry,007.732.4098,West Levi,Venezuela
Yi Kozey,(099) 025-3359,Lake Ethanville,India
Ed Ortiz,058-909-3473,Jameyborough,Cuba
Lu Upton,(176) 115-7302,Lednermouth,Uzbekistan
Jc Ortiz,(648) 273-5753,Devinburgh,Georgia
Wm Hintz,728-273-1181,New Mandistad,Gabon
Wm Kozey,865.540.4073,Kalynton,Congo
Ta Ortiz,1-341-445-0062,Marcelfurt,Equatorial Guinea
Al Ortiz,(555) 137-4064,Conceptionville,Bahamas
Sun Von V,844-161-6362,Pagacland,Gibraltar
Ty Upton,395-124-9381,South Lonnie,Tanzania
Mi Ortiz,(773) 374-7581,Port Todton,Hong Kong
Vi Mertz,(204) 866-0812,New Lucillehaven,Luxembourg
Yu Kozey,551-232-6756,West France,Kenya
My Rath V,1-767-371-9502,Pinkieburgh,Guyana
Yi Terry,552-496-8784,New Talishastad,Liechtenstein
Roy Von V,849.957.4433,Corieside,Tunisia
Un Terry,(777) 447-8650,West Quintontown,Democratic People's Republic of Korea
So Ortiz,292.908.3139,Lake Alexis,Turkey
Ivy Von V,(694) 122-8588,Walshside,Cape Verde
Luz Von V,(399) 122-5715,Haydenburgh,Saint Lucia
Su Terry,(235) 152-6733,North Kingshire,Nauru
So Funk V,163-597-0658,Lake Rosanamouth,Paraguay
Ty Mertz,543-607-2817,Ronniburgh,Luxembourg
Al Rowe V,1-978-983-4300,West Marquerite,Kenya
Kip Toy V,1-066-433-0170,South Babarabury,Saint Lucia
Ty Terry,1-852-610-3789,Valstad,Haiti
Abe O'Kon,1-981-328-0778,North Romantown,Bulgaria
Mac O'Kon,251.803.2050,Niafurt,Lebanon
Dia O'Kon,1-397-322-2751,South Ghislaine,Iran
Jae O'Kon,(160) 649-3926,Jarrodstad,Tuvalu
Dee O'Kon,(642) 182-9248,North Carylonfort,Netherlands
Rea O'Kon,1-811-080-5565,Danielton,Argentina
Ana O'Kon,465-435-9499,Mozellaton,Bahrain
Ned O'Kon,565-671-5778,Wehnerland,Portugal
Hai O'Kon,061.227.9032,West Doloris,Northern Mariana Islands
Bob O'Kon,423.770.2001,Rutherfordmouth,Heard Island and McDonald Islands
Ina O'Kon,765.341.7357,Yeetown,Cyprus
Ted O'Kon,(310) 913-2561,East Elizstad,Mauritius
Chi O'Kon,422.177.9627,Hiltonburgh,Macedonia
Peg O'Kon,353.113.9780,Ferryport,Ethiopia
Dan O'Kon,398-667-6456,Reenahaven,Somalia
Sid O'Kon,932.652.6111,Angelitaview,Equatorial Guinea
Mei O'Kon,1-315-604-9624,Swiftland,Bahrain
Ali O'Kon,(661) 622-4506,West Nancie,Georgia
Anh O'Kon,(902) 030-3708,Brekketon,Belarus
Jan O'Kon,881.971.6071,Chanmouth,Guatemala
Joe O'Kon,364.671.3172,South Gianna,India
Eli O'Kon,1-346-160-3612,West Ludie,British Indian Ocean Territory (Chagos Archipelago)
Sal O'Kon,(536) 596-4642,Wisozkmouth,Cuba
Nan O'Kon,1-607-325-2831,Rogerstad,Cyprus
Mel O'Kon,160-639-3269,South Javierborough,Turks and Caicos Islands
Rod O'Kon,1-883-320-1534,Rayfordside,Brunei Darussalam
Gil O'Kon,338-817-5644,East Erwinstad,Kenya
Tod O'Kon,(647) 240-7455,Gradyburgh,Barbados
Van O'Kon,(863) 986-4760,Kianaburgh,Kiribati
Leo O'Kon,465.655.6401,McClureville,Turkey
Kim O'Kon,427.619.3227,Luettgenberg,Bahamas
Na O'Hara,600-477-1869,West Justina,Benin
Ute O'Kon,365.100.4543,Port Ramonhaven,Thailand
Pat O'Kon,(566) 996-5025,Linneamouth,Bhutan
Pok O'Kon,471.520.7019,South Stacyville,Oman
Jon O'Kon,1-239-678-8779,Lake Su,Macedonia
Lon O'Kon,1-846-989-5883,Norahland,Romania
Sol O'Kon,956-779-7850,Mathewbury,Oman
Max O'Kon,1-781-990-9107,Murrayland,Svalbard & Jan Mayen Islands
Kay O'Kon,979-988-1759,New Fredricton,Montenegro
Tom O'Kon,1-487-025-9631,Halvorsonton,Uzbekistan
Ron O'Kon,430-950-9267,Torpmouth,Saint Martin
Son O'Kon,122.110.8838,Ankundingfurt,Bermuda
Von O'Kon,644.283.6612,Chunview,Palau
Siu O'Kon,660-644-0468,Dickinsonstad,Gabon
Sun O'Kon,1-079-921-6110,West Kendrafurt,Bosnia and Herzegovina
Wm O'Hara,978.793.5224,North Agustin,Spain
Lou O'Kon,(204) 777-4245,Dontetown,Nicaragua
Yun O'Kon,397.272.3811,Lake Ronnieville,Belize
Guy O'Kon,166-750-9065,New Len,Malta
Ty O'Hara,490-477-2553,Wenonastad,Fiji
Edda Haag,1-714-624-7824,South Mirtha,Hong Kong
Aida Dach,1-067-675-6660,Kihnhaven,Saint Pierre and Miquelon
Chad Haag,196-745-5194,Brenthaven,Northern Mariana Islands
Meda Haag,039.724.3085,Port Thurman,Svalbard & Jan Mayen Islands
Meda Dach,500-822-4370,Lauraleehaven,Martinique
Neda Dach,1-596-067-7538,Othaburgh,Niger
Elda Haag,1-736-299-7789,Lake Rondaton,Tonga
Nida Haag,887.558.9496,Hansenburgh,Jersey
Ilda Haag,030.216.2888,Carrollmouth,Guatemala
Ilda Dach,953.249.8118,Tonieshire,Kiribati
Dana Dach,728-519-6131,East Randalchester,Cameroon
Leia Dach,895-087-0205,Lebsackmouth,Niger
Shad Dach,750-603-9103,Alexanderchester,Saint Vincent and the Grenadines
Thad Dach,256.374.3721,South Kristofer,Aruba
Brad Haag,987-372-6218,East Tora,Guyana
Leah Dach,195.778.4166,Willmouth,French Guiana
Jana Dach,1-955-333-6834,Concepcionchester,Hungary
Jeff Haag,213-130-0249,Casperton,Kuwait
Luba Haag,187.352.2256,East Chance,Namibia
Jack Haag,679.329.4281,East Alyse,China
Gale Dach,1-154-433-1142,Volkmanport,Togo
Abel Haag,253-091-5695,Ritchieport,Mauritania
Alma Dach,(883) 356-5200,Torpville,Anguilla
Lila Haag,260-687-0935,Rolfsonshire,Venezuela
Jame Haag,360-478-7686,West Sarina,Saint Lucia
Reid Dach,675.622.7350,South Antoniofort,Hungary
Leif Haag,1-744-670-0804,Lake Erinland,Bosnia and Herzegovina
Bree Dach,(592) 816-9904,Elmerburgh,Ecuador
Emma Dach,1-959-193-1924,Lake Cristopher,Macao
Neal Dach,738-829-5571,Keeblerview,Saint Martin
Lane Dach,1-473-676-1663,Kautzerfort,French Southern Territories
Rich Dach,1-657-524-9889,Effertzside,Honduras
Amal Dach,1-052-353-9903,Mertzbury,Western Sahara
Eric Haag,466.349.6237,North Grover,Chad
Dona Dach,1-468-776-7319,Keelingburgh,Vanuatu
Marc Dach,(610) 414-7707,Angelikatown,Afghanistan
Zena Dach,(086) 960-7429,South Kellyberg,Bosnia and Herzegovina
Dani Haag,738-990-6229,South Chungberg,Norfolk Island
Mike Dach,685.156.7844,Roweville,Denmark
Greg Haag,1-646-499-2267,West Laverne,Philippines
Greg Dach,663.040.0477,New Bebe,Malaysia
Erna Dach,(407) 910-3934,Roobton,Guadeloupe
Mira Haag,1-659-914-9256,Thompsonville,Guatemala
Nona Haag,011.889.8061,Bergnaumport,Chad
Roma Haag,106.795.7830,New Monet,Central African Republic
Dora Haag,(844) 639-5079,Lake Jenniffer,Sierra Leone
Lita Haag,(886) 753-4778,New Clair,Myanmar
Alva Haag,531-490-6664,Thorastad,Venezuela
Wava Dach,1-819-227-6003,North Emanuel,Panama
Evie Dach,1-895-431-5253,Auershire,El Salvador
Buck Dach,112-982-2863,Hirthefort,Belarus
Neil Haag,540-009-9449,Nicolasbury,Montserrat
Neil Dach,877.110.9647,Elroyburgh,Nepal
Fran Haag,086-209-2532,East Torri,Bolivia
Lien Dach,1-073-100-0237,Lake Pattiland,Liechtenstein
Aida Bode,1-740-779-5489,Rueckerborough,Dominican Republic
Joel Dach,537-294-3521,Leandrobury,Poland
Naida Kub,377-804-4389,Lynchstad,Greece
Emil Haag,193-378-5013,Torriton,Gabon
Luke Haag,457.614.1131,Judsonview,Tajikistan
Evan Haag,491-519-4280,Greenholtfurt,Brazil
Rolf Dach,1-419-742-7826,Port Lenfort,Sao Tome and Principe
Rosa Dach,1-400-241-3067,West Harrisonbury,Iraq
Olen Dach,(591) 078-8377,Jessestad,United States of America
Juan Dach,994-561-0954,South Benito,Latvia
Ivan Dach,1-755-260-3403,Treutelstad,Guatemala
Zora Haag,1-127-038-9495,North Eduardo,Australia
Rheba Fay,(430) 157-1577,Nienowshire,South Georgia and the South Sandwich Islands
Deon Dach,732-034-9196,Hildafurt,Taiwan
Jose Haag,930.928.7870,Fabiantown,Senegal
Kyle Dach,(729) 572-9995,Gleasonchester,Pitcairn Islands
Stan Dach,(761) 964-7154,South Jonathan,Argentina
Mose Haag,1-263-002-9018,Port Angelo,Saudi Arabia
Hung Dach,502-080-1129,Littelbury,Papua New Guinea
Alica Fay,385-750-8640,Lehnerchester,Germany
Boyd Haag,1-264-313-4498,Kochburgh,Niue
Grace Kub,268-176-4223,South Lettiebury,Saint Vincent and the Grenadines
Cinda Kub,954-769-8881,Port Iveytown,Saint Helena
Kaci Bode,380.257.6786,Port Lacy,Switzerland
Eddie Kub,444.436.1912,Lake Danny,Nigeria
Gino Dach,086-026-9841,East Launaside,Cote d'Ivoire
Dana Hand,(193) 272-1719,Port Murray,Sweden
Reda Hane,1-767-092-6850,North Marcos,Rwanda
Clay Dach,686.514.7697,Rudolphview,Burundi
Lida Hane,137-040-6710,Buckridgemouth,Burkina Faso
Jake Bode,707-740-4619,West Ambrose,Djibouti
Robt Haag,(735) 463-6183,Nanetteside,Iceland
Robt Dach,(194) 280-7014,Beckerburgh,Afghanistan
Lena Bode,(053) 687-2978,South Janbury,Anguilla
Shon Dach,764.316.5675,Greenfelderside,Vanuatu
Alec Hane,484.676.5912,North Delmerberg,Niger
Jeff Hand,1-522-048-9076,Huelsview,Macedonia
Qiana Kub,(222) 430-4149,Josephinechester,Azerbaijan
Illa Bode,665.272.2176,East Lylaport,Czech Republic
Jack Hand,539.188.2330,Jacksonberg,Tunisia
Brad Hane,(094) 267-7871,South Annaleeshire,Slovakia (Slovak Republic)
Vance Kub,070-339-1418,Tommiefurt,Namibia
Bess Haag,911.437.9377,West Marvaborough,Costa Rica
Camie Kub,717-566-1710,Lake Romeliachester,Bhutan
Jared Kub,834-298-4394,New Tory,Jersey
Cami Bode,1-870-351-8805,Kochchester,Northern Mariana Islands
Dian Bode,270.744.2435,Weissnatborough,Morocco
Keena Fay,976.605.2336,New Maurice,Namibia
Soon Dach,1-377-754-3410,Eleanoraview,Lebanon
Alan Bode,1-336-839-2201,Imaport,India
Reed Dare,(865) 958-7711,West Kimberliberg,Sweden
Abel Hane,559-604-4497,Kesslerton,Iran
Brice Fay,944.679.8461,East Judsonview,Turkey
Lona Bode,710-811-5897,Raymondtown,South Africa
Reba Hahn,1-833-193-2717,Mindamouth,Romania
Leigh Kub,1-378-290-7412,Lake Eunburgh,Guadeloupe
Jack Dare,(685) 411-3253,Strackefurt,Slovakia (Slovak Republic)
Dulce Kub,1-381-568-9406,Strosinfurt,Israel
Lynn Dach,342-121-4121,Orvilleview,Belgium
Adan Dare,1-430-166-4294,New Derek,Panama
Gary Haag,(168) 619-0379,North Cedric,Gibraltar
Lyda Hane,589.506.5631,Port Clark,Lesotho
Kenna Kub,1-550-368-9486,Lukefort,Mauritius
Lynda Kub,1-570-206-2335,Brentfort,Holy See (Vatican City State)
Daine Fay,686-571-6611,West Kenneth,Spain
Kary Dach,(332) 330-5131,Bethanieshire,Tajikistan
Fidel Fay,1-274-144-0926,Goldnerhaven,Azerbaijan
Elda Feil,355-103-8620,Steubermouth,Republic of Korea
Willa Kub,1-288-189-9849,Larondamouth,Cayman Islands
Eryn Haag,1-002-262-9825,West Ottostad,China
Hank Hand,(683) 181-5999,Wilfredhaven,Northern Mariana Islands
Eric Dare,816.166.0374,Walkerberg,Bouvet Island (Bouvetoya)
Phil Bode,301.866.2000,Ornhaven,Macao
Galen Kub,989-727-4344,Lake Jospeh,French Guiana
Lisha Fay,1-849-760-0374,Hoegerstad,Saudi Arabia
Lynda Fay,064.370.2656,West Dwanaville,Iceland
Cleo Hand,1-452-024-1594,New Joaquinland,Barbados
Wade Beer,1-083-260-7752,Sauerborough,Nicaragua
Reita Kub,575.528.7198,Tarynberg,Tuvalu
Mica Cole,153-804-1400,Tomchester,Cayman Islands
Edie Beer,606-947-6757,West Diego,Slovakia (Slovak Republic)
Gale Hahn,606.169.8150,Tonyachester,Portugal
Neil Hane,909.002.8421,Lake Leigh,Netherlands
Dave Dare,840-183-1136,East Coyburgh,Jordan
Ocie Hahn,445-293-8949,Peteborough,Denmark
Lyla Hane,371.897.9068,Eldridgeview,Saint Barthelemy
Jill Hand,345-649-3984,Paucekshire,Serbia
Enid Rice,134.196.4590,Lake Lesleyton,Philippines
Deena Rau,041.812.7327,Yvonebury,Sweden
Ali Pagac,471.336.6270,West Orlandoland,Sudan
Melva Kub,1-309-840-7122,Kaseyside,New Caledonia
Roni Bode,(705) 988-9430,Ferryside,Dominica
Chad Lind,1-887-298-6597,Romeliahaven,Saudi Arabia
Mina Hahn,510-972-8033,Viland,Estonia
Marco Kub,1-621-035-9944,Robinchester,Zambia
Jean Hahn,(003) 461-8727,Predovicberg,Croatia
Sung Bode,1-974-990-1238,Homenickfurt,Kyrgyz Republic
Brain Fay,1-097-264-1154,New Evelin,Guinea-Bissau
Rina Hahn,(399) 909-2123,North Lyda,Dominica
Lael Feil,(497) 191-4902,Murrayville,Belarus
Marva Kub,1-318-628-1729,Lake Andreas,United Kingdom
Cira Feil,582.518.8854,Lake Emilborough,Austria
Rich Lang,(231) 556-7219,North Antioneland,Gabon
Dirk Hane,650.897.9659,Lake Merrystad,Sao Tome and Principe
Fe Orn III,260.056.4896,Port Monserrate,Andorra
Raul Hand,612-765-4255,Erikburgh,Bahamas
Dana Lind,029-803-6586,Armstrongshire,Kyrgyz Republic
Vern Bode,733-273-3929,Wilbertport,Faroe Islands
Kyle Dare,855-794-5896,South Enrique,Guatemala
Dani Lang,452.332.0946,South Kurtis,Ethiopia
Beau Rice,004-067-3578,Gerholdland,Myanmar
Sang Beer,132.632.3821,Lake Racquelshire,Northern Mariana Islands
Bart Hand,885.372.4334,Rooseveltton,Turkey
Petra Fay,812.886.3115,Johnathanview,New Caledonia
Lane Koch,(317) 898-5032,North Penny,Jamaica
Bill Rice,1-374-687-9923,Lake Mathew,Germany
Cris Hand,1-709-657-2077,Emardville,Ghana
Aldo Beer,1-119-625-8286,Lake Gertie,Kiribati
Genna Rau,499.098.3506,West Niaton,Slovenia
Shan Lang,815-585-9424,Katifurt,Hong Kong
Earl Rice,748.560.6231,Jamechester,Rwanda
Aron Hane,1-610-012-2699,Lawerenceland,Haiti
Nora Beer,(246) 959-2567,New Marilou,Reunion
Debbi Orn,242-306-2260,North Bonita,Cambodia
Devin Kub,496-744-4117,Lake Sandyberg,Thailand
Bryan Kub,1-035-833-4219,Kingfurt,Egypt
Kent Hane,1-482-912-4677,Kautzerchester,Myanmar
Wes Pagac,826.199.6951,Lake Vikihaven,Comoros
Elmer Fay,746.085.4592,South Catharine,South Africa
Esta Feil,1-569-548-7700,Koryfurt,Oman
Thea King,648.076.8402,Rosaberg,Romania
Keri Beer,1-322-708-6215,Macejkovicborough,Andorra
Todd Lind,941.134.4572,South Clarenceview,Mauritania
Evon Hane,927-439-5114,New Mohammad,Solomon Islands
Chad Ward,(383) 572-6228,Celestaville,Lebanon
Jody Hane,516.551.9952,New Edmundchester,Republic of Korea
Jess Hane,1-843-193-5830,Miquelmouth,Martinique
Odis Rice,923-692-6316,Pricefort,Serbia
Lyle Beer,1-384-810-0058,South Adrien,Tonga
Lacy Hahn,(439) 330-8246,South Guadalupeburgh,Qatar
Dino Hahn,(956) 904-2275,Merlestad,Romania
Randy Kub,846-059-3531,South Aleciaberg,Andorra
Ken Fadel,613-138-7952,Lake Arturo,Saudi Arabia
Kaila Orn,671.199.9676,East Collintown,Serbia
Erin Beer,1-543-871-0623,South Trudystad,Hungary
Ilse Cole,(902) 420-3872,Boyerview,Myanmar
Gary Hane,139.014.3041,Jayneview,Greenland
Hiram Rau,1-953-099-1558,Todtown,Netherlands
Luis Dare,(374) 761-0932,Lake Loyd,American Samoa
Gino Feil,282.000.3720,Clairberg,Marshall Islands
Love Feil,1-451-266-7289,Delisafort,Cuba
Alena Orn,249.207.8850,Pfannerstillton,Bolivia
Fabiola Rei,456789,Vitoria ,Brasil
Fabiola1 Rei,456789,Vitoria ,Brasil
Fabiola2 Rei,4567.89,Vitoria ,Brasil
Fabiola3 Rei,456789,Vitoria ,Brasil
Romulo Costa,123456,jex,Brasil
Romulo1 Costa,123456,jex,Brasil
Romulo2 Costa,1234-56,jex,Brasil
Romulo3 Costa,123456,jex,Brasil
Jessica Silva,444444444,Vila velha,Brasil
Jessica1 Silva,444444444,Vila velha,Brasil
Jessica2 Silva,444444444,Vila velha,Brasil
Jessica3 Silva,444444444,Vila velha,Brasil
Thais de Souza,123456789,Vitoria,Brasil
Joyxe Teixeira,333333333,Vix,Brasil
Thais1 de Souza,123456789,Vitoria,Brasil
Thais2 de Souza,1234-56789,Vitoria,Brasil
Thais3 de Souza,123456789,Vitoria,Brasil
Joyxe1 Teixeira,333333333,Vix,Brasil
Joyxe2 Teixeira,333333333,Vix,Brasil
Joyxe3 Teixeira,333333333,Vix,Brasil
Matheis Pereira,55555555,Serra,Brasil
Andreia da Silva,5555-5555,Serra,Brasil
Matheis1 Pereira,55555555,Serra,Brasil
Matheis2 Pereira,5555-5555,Serra,Brasil
Matheis3 Pereira,55555555,Serra,Brasil
Matheus Oliveira,987654321,Serra,Brasil
Fabio Junior Reis,5555-5555,Serra,Brasil
Matheus1 Oliveira,987654321,Serra,Brasil
Matheus2 Oliveira,987654321,Serra,Brasil
Walda Silva Pereira,5555-5555,Serra,Brasil
Manuelo Sila Pereira,222.222222,Vix,Brasil
Junior Silva Pereira,5555-5555,Serra,Brasil
Manuelo1 Sila Pereira,2222.22.222,Vix,Brasil
Manuelo2 Sila Pereira,2222.22222,Vix,Brasil
Leticia Silva Pereira,5555-5555,Serra,Brasil
Juliana Silva Pereira,5555-5555,Serra,Brasil
Manuela Silva Pereira,111.11111,Vila velha,Brasil
Ernando Silva Pereira,5555-5555,Serra,Brasil
Juliano Silva Pereira,5555-5555,Serra,Brasil
Rodrigo Silva Pereira,5555-5555,Serra,Brasil
Manuela1 Silva Pereira,11111.111,Vila velha,Brasil
Manuela2 Silva Pereira,111.11111,Vila velha,Brasil
Fabricia Silva Pereira,5555-5555,Serra,Brasil
Fabio Teixeira de Souza,5555-5555,Serra,Brasil
Julia Teixeira de Souza,5555-5555,Serra,Brasil
Rosiana Teixeira de Souza,5555-5555,Serra,Brasil
Gustavo Teixeira de Souza,5555-5555,Serra,Brasil
